OrderID,Date,Customer,Product,Category,Quantity,Price
1001,28-05-2023,Rohit Gupta,Marker,Stationery,4,35
1002,07-08-2023,Neha Verma,Marker,Stationery,2,35
1003,07-04-2023,Karan Singh,Chair,Furniture,3,1999
1004,16-02-2023,Karan Singh,Chair,Furniture,3,1999
1005,11-08-2023,Rahul Mehta,Chair,Furniture,1,1999
1006,03-09-2023,Vikas Patel,Marker,Stationery,4,35
1007,31-12-2023,Rahul Mehta,Desk,Furniture,4,3499
1008,21-09-2023,Rahul Mehta,Laptop,Electronics,2,45999
1009,27-08-2023,Rohit Gupta,Notebook,Stationery,3,99
1010,04-04-2023,Amit Sharma,Desk,Furniture,3,3499
1011,05-02-2023,Priya Singh,Laptop,,2,45999
1012,23-11-2023,Vikas Patel,Printer,Electronics,2,8999
1013,07-02-2023,Neha Verma,Laptop,Electronics,5,45999
1014,28-11-2023,Amit Sharma,Headphones,Electronics,5,1299
1015,06-05-2023,Rohit Gupta,Marker,Stationery,3,35
1016,05-03-2023,Sneha Jain,Marker,Stationery,2,35
1017,25-07-2023,Rohit Gupta,Notebook,Stationery,1,99
1018,18-02-2023,Priya Singh,Headphones,Electronics,3,1299
1019,18-04-2023,Vikas Patel,Laptop,Electronics,3,45999
1020,04-01-2023,Vikas Patel,Marker,Stationery,2,35
1021,22-07-2023,Rahul Mehta,Marker,Stationery,3,35
1022,11-05-2023,Anjali Sharma,Laptop,Electronics,4,45999
1023,24-05-2023,Amit Sharma,Chair,Furniture,4,1999
1024,06-08-2023,Sneha Jain,Mouse,Electronics,3,499
1025,14-01-2023,Karan Singh,Desk,Furniture,5,3499
1026,19-05-2023,Neha Verma,Mouse,Electronics,5,499
1027,25-07-2023,Rahul Mehta,Pen,Stationery,1,20
1028,06-03-2023,Pooja Sharma,Notebook,Stationery,5,99
1029,14-06-2023,Priya Singh,Desk,Furniture,2,3499
1030,21-07-2023,Vikas Patel,Smartphone,Electronics,1,15999
1031,30-09-2023,Sneha Jain,Mouse,Electronics,3,499
1032,04-04-2023,Sneha Jain,Pen,Stationery,4,20
1033,06-06-2023,Rohit Gupta,Laptop,Electronics,3,45999
1034,12-06-2023,Pooja Sharma,Pen,Stationery,4,20
1035,01-09-2023,Karan Singh,Notebook,Stationery,5,99
1036,23-07-2023,Karan Singh,Desk,Furniture,2,3499
1037,09-02-2023,Rahul Mehta,Printer,Electronics,2,8999
1038,03-09-2023,Anjali Sharma,Desk,Furniture,3,3499
1039,26-04-2023,Rahul Mehta,Printer,Electronics,4,8999
1040,04-09-2023,Anjali Sharma,Smartphone,Electronics,1,15999
1041,23-12-2023,Pooja Sharma,Mouse,Electronics,3,499
1042,24-11-2023,Rahul Mehta,Laptop,Electronics,3,45999
1043,09-10-2023,Karan Singh,Smartphone,Electronics,4,15999
1044,22-06-2023,Priya Singh,Notebook,Stationery,4,99
1045,15-12-2023,Karan Singh,Printer,Electronics,1,8999
1046,19-02-2023,Karan Singh,Marker,Stationery,4,35
1047,28-07-2023,Rahul Mehta,Laptop,Electronics,4,45999
1048,21-08-2023,Sneha Jain,Notebook,Stationery,1,99
1049,07-10-2023,Karan Singh,Headphones,Electronics,4,1299
1050,10-11-2023,Sneha Jain,Headphones,Electronics,1,1299
1051,28-12-2023,Sneha Jain,Smartphone,Electronics,1,15999
1052,15-01-2023,Anjali Sharma,Printer,Electronics,4,8999
1053,09-08-2023,Sneha Jain,Pen,Stationery,1,20
1054,24-07-2023,Sneha Jain,Printer,Electronics,2,8999
1055,21-11-2023,Anjali Sharma,Notebook,Stationery,5,99
1056,27-06-2023,Pooja Sharma,Laptop,Electronics,4,45999
1057,02-05-2023,Priya Singh,Mouse,Electronics,1,499
1058,12-12-2023,Vikas Patel,Printer,Electronics,5,8999
1059,10-11-2023,Karan Singh,Pen,Stationery,5,20
1060,27-06-2023,Rahul Mehta,Smartphone,Electronics,5,15999
1061,12-06-2023,Neha Verma,Notebook,Stationery,3,99
1062,02-01-2023,Priya Singh,Marker,Stationery,3,35
1063,12-04-2023,Anjali Sharma,Marker,Stationery,4,35
1064,27-07-2023,Sneha Jain,Pen,Stationery,2,20
1065,13-10-2023,Rahul Mehta,Pen,Stationery,2,20
1066,03-12-2023,Anjali Sharma,Marker,Stationery,5,35
1067,03-09-2023,Karan Singh,Desk,Furniture,2,3499
1068,20-03-2023,Rohit Gupta,Headphones,Electronics,5,1299
1069,16-10-2023,Pooja Sharma,Headphones,Electronics,3,1299
1070,01-08-2023,Anjali Sharma,Chair,Furniture,1,1999
1071,09-05-2023,Vikas Patel,Desk,Furniture,1,3499
1072,15-12-2023,Karan Singh,Marker,Stationery,5,35
1073,28-03-2023,Karan Singh,Printer,Electronics,4,8999
1074,22-12-2023,Rohit Gupta,Laptop,Electronics,1,45999
1075,19-04-2023,Anjali Sharma,Headphones,Electronics,4,1299
1076,13-08-2023,Rahul Mehta,Headphones,Electronics,3,1299
1077,04-03-2023,Sneha Jain,Pen,Stationery,4,20
1078,23-01-2023,Karan Singh,Headphones,Electronics,2,1299
1079,11-11-2023,Pooja Sharma,Headphones,Electronics,4,1299
1080,17-12-2023,Karan Singh,Marker,Stationery,5,35
1081,12-03-2023,Sneha Jain,Headphones,Electronics,5,1299
1082,28-10-2023,Pooja Sharma,Mouse,Electronics,3,499
1083,18-02-2023,Neha Verma,Pen,Stationery,3,20
1084,12-04-2023,Amit Sharma,Printer,Electronics,1,8999
1085,18-06-2023,Neha Verma,Notebook,Stationery,2,99
1086,17-01-2023,Karan Singh,Marker,Stationery,1,35
1087,08-05-2023,Neha Verma,Desk,Furniture,1,3499
1088,26-11-2023,Sneha Jain,Chair,Furniture,4,1999
1089,25-10-2023,Rahul Mehta,Desk,Furniture,5,3499
1090,13-09-2023,Karan Singh,Desk,Furniture,5,3499
1091,03-11-2023,Pooja Sharma,Headphones,Electronics,2,1299
1092,10-05-2023,Rohit Gupta,Chair,Furniture,5,1999
1093,19-08-2023,Pooja Sharma,Printer,Electronics,3,8999
1094,21-06-2023,Priya Singh,Headphones,Electronics,4,1299
1095,15-12-2023,Priya Singh,Mouse,Electronics,2,499
1096,05-02-2023,Priya Singh,Mouse,Electronics,5,499
1097,16-09-2023,Anjali Sharma,Pen,Stationery,5,20
1098,18-07-2023,Anjali Sharma,Laptop,Electronics,3,45999
1099,22-06-2023,Neha Verma,Chair,Furniture,2,1999
1100,03-01-2023,Anjali Sharma,Laptop,Electronics,1,45999
1101,23-12-2023,Anjali Sharma,Headphones,Electronics,5,1299
1102,21-12-2023,Vikas Patel,Mouse,Electronics,1,499
1103,25-04-2023,Rohit Gupta,Marker,Stationery,4,35
1104,25-06-2023,Rahul Mehta,Pen,Stationery,4,20
1105,20-11-2023,Amit Sharma,Marker,Stationery,1,35
1106,09-06-2023,Vikas Patel,Headphones,Electronics,2,1299
1107,05-06-2023,Neha Verma,Smartphone,Electronics,2,15999
1108,20-07-2023,Karan Singh,Laptop,Electronics,2,45999
1109,20-09-2023,Rohit Gupta,Chair,Furniture,3,1999
1110,21-11-2023,Sneha Jain,Printer,Electronics,5,8999
1111,24-04-2023,Amit Sharma,Notebook,Stationery,5,99
1112,28-04-2023,Priya Singh,Marker,Stationery,5,35
1113,13-12-2023,Anjali Sharma,Mouse,Electronics,5,499
1114,02-01-2023,Vikas Patel,Pen,Stationery,1,20
1115,15-06-2023,Anjali Sharma,Desk,Furniture,1,3499
1116,08-03-2023,Pooja Sharma,Chair,Furniture,3,1999
1117,05-03-2023,Pooja Sharma,Notebook,Stationery,3,99
1118,06-07-2023,Sneha Jain,Mouse,Electronics,1,499
1119,09-09-2023,Pooja Sharma,Desk,Furniture,3,3499
1120,26-12-2023,Anjali Sharma,Desk,Furniture,2,3499
1121,19-09-2023,Karan Singh,Mouse,Electronics,4,499
1122,20-09-2023,Rahul Mehta,Chair,Furniture,2,1999
1123,13-10-2023,Anjali Sharma,Notebook,Stationery,5,99
1124,17-05-2023,Amit Sharma,Laptop,Electronics,5,45999
1125,10-09-2023,Priya Singh,Pen,Stationery,1,20
1126,01-05-2023,Rohit Gupta,Laptop,Electronics,3,45999
1127,08-01-2023,Neha Verma,Headphones,Electronics,5,1299
1128,25-02-2023,Pooja Sharma,Laptop,Electronics,5,45999
1129,09-01-2023,Rohit Gupta,Laptop,Electronics,3,45999
1130,12-05-2023,Amit Sharma,Printer,Electronics,2,8999
1131,03-08-2023,Priya Singh,Chair,Furniture,1,1999
1132,14-07-2023,Neha Verma,Desk,Furniture,3,3499
1133,27-03-2023,Amit Sharma,Printer,Electronics,1,8999
1134,17-07-2023,Sneha Jain,Desk,Furniture,3,3499
1135,07-10-2023,Rahul Mehta,Mouse,Electronics,3,499
1136,02-05-2023,Vikas Patel,Printer,Electronics,5,8999
1137,19-10-2023,Rohit Gupta,Marker,Stationery,4,35
1138,15-09-2023,Rahul Mehta,Laptop,Electronics,4,45999
1139,27-05-2023,Karan Singh,Marker,Stationery,3,35
1140,24-07-2023,Pooja Sharma,Printer,Electronics,3,8999
1141,10-04-2023,Pooja Sharma,Headphones,Electronics,3,1299
1142,02-08-2023,Amit Sharma,Notebook,Stationery,3,99
1143,13-03-2023,Amit Sharma,Marker,Stationery,1,35
1144,19-04-2023,Vikas Patel,Chair,Furniture,4,1999
1145,15-09-2023,Rohit Gupta,Pen,Stationery,5,20
1146,14-10-2023,Amit Sharma,Mouse,Electronics,1,499
1147,19-05-2023,Anjali Sharma,Chair,Furniture,5,1999
1148,27-07-2023,Amit Sharma,Headphones,Electronics,4,1299
1149,21-06-2023,Amit Sharma,Marker,Stationery,3,35
1150,13-03-2023,Neha Verma,Laptop,Electronics,4,45999
1151,23-11-2023,Anjali Sharma,Notebook,Stationery,5,99
1152,01-02-2023,Anjali Sharma,Desk,Furniture,1,3499
1153,26-03-2023,Rahul Mehta,Notebook,Stationery,2,99
1154,04-02-2023,Anjali Sharma,Pen,Stationery,1,20
1155,23-12-2023,Karan Singh,Chair,Furniture,5,1999
1156,06-07-2023,Karan Singh,Smartphone,Electronics,4,15999
1157,22-09-2023,Pooja Sharma,Smartphone,Electronics,2,15999
1158,01-11-2023,Rohit Gupta,Printer,Electronics,5,8999
1159,15-08-2023,Priya Singh,Marker,Stationery,2,35
1160,31-12-2023,Anjali Sharma,Chair,Furniture,3,1999
1161,16-04-2023,Karan Singh,Notebook,Stationery,5,99
1162,27-06-2023,Amit Sharma,Mouse,Electronics,1,499
1163,31-07-2023,Sneha Jain,Headphones,Electronics,4,1299
1164,31-07-2023,Pooja Sharma,Headphones,Electronics,2,1299
1165,20-02-2023,Priya Singh,Mouse,Electronics,1,499
1166,25-10-2023,Vikas Patel,Printer,Electronics,1,8999
1167,11-11-2023,Sneha Jain,Pen,Stationery,2,20
1168,10-06-2023,Karan Singh,Chair,Furniture,1,1999
1169,19-01-2023,Karan Singh,Mouse,Electronics,4,499
1170,18-07-2023,Pooja Sharma,Mouse,Electronics,4,499
1171,03-05-2023,Anjali Sharma,Chair,Furniture,3,1999
1172,18-01-2023,Karan Singh,Notebook,Stationery,3,99
1173,12-04-2023,Neha Verma,Desk,Furniture,4,3499
1174,20-06-2023,Anjali Sharma,Printer,Electronics,1,8999
1175,24-10-2023,Amit Sharma,Pen,Stationery,4,20
1176,30-07-2023,Amit Sharma,Laptop,Electronics,3,45999
1177,03-02-2023,Pooja Sharma,Mouse,Electronics,4,499
1178,10-04-2023,Pooja Sharma,Printer,Electronics,2,8999
1179,15-11-2023,Amit Sharma,Printer,Electronics,3,8999
1180,25-01-2023,Priya Singh,Headphones,Electronics,2,1299
1181,15-04-2023,Amit Sharma,Printer,Electronics,4,8999
1182,07-01-2023,Karan Singh,Pen,Stationery,4,20
1183,03-02-2023,Karan Singh,Pen,Stationery,1,20
1184,29-12-2023,Rahul Mehta,Pen,Stationery,2,20
1185,16-05-2023,Anjali Sharma,Mouse,Electronics,5,499
1186,22-10-2023,Anjali Sharma,Marker,Stationery,3,35
1187,15-06-2023,Rohit Gupta,Printer,Electronics,2,8999
1188,22-01-2023,Anjali Sharma,Desk,Furniture,2,3499
1189,06-02-2023,Priya Singh,Marker,Stationery,2,35
1190,21-08-2023,Neha Verma,Notebook,Stationery,2,99
1191,16-05-2023,Priya Singh,Chair,Furniture,5,1999
1192,22-06-2023,Anjali Sharma,Notebook,Stationery,5,99
1193,17-02-2023,Neha Verma,Laptop,Electronics,3,45999
1194,28-05-2023,Karan Singh,Pen,Stationery,1,20
1195,04-01-2023,Pooja Sharma,Chair,Furniture,3,1999
1196,21-11-2023,Pooja Sharma,Marker,Stationery,5,35
1197,13-07-2023,Pooja Sharma,Pen,Stationery,1,20
1198,31-03-2023,Rohit Gupta,Chair,Furniture,2,1999
1199,15-07-2023,Rohit Gupta,Pen,Stationery,2,20
1200,14-08-2023,Neha Verma,Chair,Furniture,5,1999
1201,29-03-2023,Rohit Gupta,Desk,Furniture,3,3499
1202,27-12-2023,Karan Singh,Marker,Stationery,3,35
1203,16-07-2023,Pooja Sharma,Chair,Furniture,2,1999
1204,07-05-2023,Neha Verma,Smartphone,Electronics,4,15999
1205,17-02-2023,Rohit Gupta,Printer,Electronics,2,8999
1206,24-01-2023,Rahul Mehta,Smartphone,Electronics,5,15999
1207,18-06-2023,Amit Sharma,Pen,Stationery,3,20
1208,19-01-2023,Rohit Gupta,Chair,Furniture,3,1999
1209,21-11-2023,Pooja Sharma,Notebook,Stationery,1,99
1210,04-11-2023,Priya Singh,Marker,Stationery,5,35
1211,06-12-2023,Sneha Jain,Chair,Furniture,4,1999
1212,27-04-2023,Pooja Sharma,Desk,Furniture,5,3499
1213,28-10-2023,Karan Singh,Mouse,Electronics,1,499
1214,13-05-2023,Sneha Jain,Laptop,Electronics,3,45999
1215,07-06-2023,Rohit Gupta,Mouse,Electronics,4,499
1216,23-11-2023,Vikas Patel,Laptop,Electronics,2,45999
1217,04-01-2023,Neha Verma,Smartphone,Electronics,2,15999
1218,02-06-2023,Anjali Sharma,Pen,Stationery,4,20
1219,16-01-2023,Neha Verma,Chair,Furniture,5,1999
1220,11-07-2023,Sneha Jain,Printer,Electronics,4,8999
1221,28-03-2023,Rohit Gupta,Mouse,Electronics,1,499
1222,10-02-2023,Amit Sharma,Notebook,Stationery,1,99
1223,03-10-2023,Rohit Gupta,Marker,Stationery,1,35
1224,26-02-2023,Rahul Mehta,Marker,Stationery,3,35
1225,01-11-2023,Rohit Gupta,Notebook,Stationery,5,99
1226,05-11-2023,Rohit Gupta,Chair,Furniture,4,1999
1227,01-05-2023,Pooja Sharma,Marker,Stationery,1,35
1228,12-11-2023,Priya Singh,Notebook,Stationery,4,99
1229,30-10-2023,Sneha Jain,Headphones,Electronics,3,1299
1230,21-07-2023,Neha Verma,Pen,Stationery,1,20
1231,01-08-2023,Amit Sharma,Notebook,Stationery,1,99
1232,16-05-2023,Priya Singh,Chair,Furniture,4,1999
1233,25-08-2023,Pooja Sharma,Desk,Furniture,4,3499
1234,18-03-2023,Amit Sharma,Mouse,Electronics,1,499
1235,17-12-2023,Neha Verma,Laptop,Electronics,2,45999
1236,09-06-2023,Karan Singh,Laptop,Electronics,3,45999
1237,18-08-2023,Amit Sharma,Mouse,Electronics,5,499
1238,17-04-2023,Sneha Jain,Desk,Furniture,1,3499
1239,13-07-2023,Rohit Gupta,Headphones,Electronics,5,1299
1240,17-05-2023,Neha Verma,Notebook,Stationery,2,99
1241,10-02-2023,Rohit Gupta,Pen,Stationery,3,20
1242,27-06-2023,Vikas Patel,Chair,Furniture,5,1999
1243,27-04-2023,Karan Singh,Notebook,Stationery,4,99
1244,24-04-2023,Karan Singh,Printer,Electronics,4,8999
1245,17-08-2023,Sneha Jain,Smartphone,Electronics,2,15999
1246,29-05-2023,Amit Sharma,Mouse,Electronics,5,499
1247,02-02-2023,Sneha Jain,Mouse,Electronics,1,499
1248,28-08-2023,Karan Singh,Laptop,Electronics,3,45999
1249,25-07-2023,Karan Singh,Pen,Stationery,3,20
1250,30-03-2023,Rohit Gupta,Chair,Furniture,5,1999
1251,16-09-2023,Amit Sharma,Desk,Furniture,1,3499
1252,16-10-2023,Neha Verma,Notebook,Stationery,4,99
1253,27-03-2023,Vikas Patel,Headphones,Electronics,2,1299
1254,25-01-2023,Karan Singh,Chair,Furniture,1,1999
1255,28-03-2023,Rohit Gupta,Headphones,Electronics,4,1299
1256,08-04-2023,Amit Sharma,Mouse,Electronics,1,499
1257,31-07-2023,Rahul Mehta,Desk,Furniture,5,3499
1258,20-01-2023,Vikas Patel,Mouse,Electronics,2,499
1259,29-10-2023,Pooja Sharma,Headphones,Electronics,1,1299
1260,21-09-2023,Amit Sharma,Marker,Stationery,2,35
1261,26-08-2023,Vikas Patel,Marker,Stationery,1,35
1262,12-12-2023,Amit Sharma,Desk,Furniture,4,3499
1263,04-05-2023,Karan Singh,Smartphone,Electronics,3,15999
1264,29-11-2023,Karan Singh,Marker,Stationery,2,35
1265,16-04-2023,Amit Sharma,Pen,Stationery,4,20
1266,15-08-2023,Anjali Sharma,Printer,Electronics,5,8999
1267,25-09-2023,Rahul Mehta,Smartphone,Electronics,4,15999
1268,14-04-2023,Anjali Sharma,Smartphone,Electronics,2,15999
1269,30-08-2023,Amit Sharma,Chair,Furniture,5,1999
1270,27-09-2023,Anjali Sharma,Pen,Stationery,5,20
1271,19-07-2023,Sneha Jain,Printer,Electronics,3,8999
1272,08-04-2023,Vikas Patel,Chair,Furniture,5,1999
1273,23-06-2023,Pooja Sharma,Marker,Stationery,2,35
1274,30-12-2023,Neha Verma,Laptop,Electronics,1,45999
1275,13-04-2023,Neha Verma,Desk,Furniture,3,3499
1276,09-12-2023,Sneha Jain,Notebook,Stationery,3,99
1277,25-09-2023,Sneha Jain,Smartphone,Electronics,1,15999
1278,19-06-2023,Neha Verma,Smartphone,Electronics,4,15999
1279,16-03-2023,Karan Singh,Mouse,Electronics,3,499
1280,27-09-2023,Priya Singh,Chair,Furniture,1,1999
1281,07-12-2023,Sneha Jain,Printer,Electronics,1,8999
1282,14-12-2023,Pooja Sharma,Smartphone,Electronics,5,15999
1283,07-06-2023,Pooja Sharma,Marker,Stationery,2,35
1284,17-12-2023,Priya Singh,Notebook,Stationery,4,99
1285,19-03-2023,Karan Singh,Smartphone,Electronics,4,15999
1286,14-02-2023,Rahul Mehta,Chair,Furniture,2,1999
1287,07-02-2023,Neha Verma,Pen,Stationery,4,20
1288,10-03-2023,Pooja Sharma,Printer,Electronics,1,8999
1289,11-07-2023,Neha Verma,Smartphone,Electronics,4,15999
1290,30-07-2023,Amit Sharma,Smartphone,Electronics,2,15999
1291,22-01-2023,Amit Sharma,Desk,Furniture,1,3499
1292,28-12-2023,Priya Singh,Mouse,Electronics,1,499
1293,30-05-2023,Priya Singh,Marker,Stationery,3,35
1294,17-09-2023,Anjali Sharma,Laptop,Electronics,1,45999
1295,12-12-2023,Karan Singh,Pen,Stationery,4,20
1296,12-12-2023,Pooja Sharma,Laptop,Electronics,4,45999
1297,06-02-2023,Sneha Jain,Chair,Furniture,5,1999
1298,01-07-2023,Sneha Jain,Headphones,Electronics,3,1299
1299,17-01-2023,Amit Sharma,Marker,Stationery,3,35
1300,23-07-2023,Sneha Jain,Smartphone,Electronics,1,15999
1301,29-05-2023,Priya Singh,Pen,Stationery,1,20
1302,07-05-2023,Sneha Jain,Notebook,Stationery,3,99
1303,23-08-2023,Pooja Sharma,Headphones,Electronics,2,1299
1304,27-02-2023,Amit Sharma,Desk,Furniture,4,3499
1305,04-05-2023,Sneha Jain,Pen,Stationery,4,20
1306,26-09-2023,Amit Sharma,Smartphone,Electronics,5,15999
1307,17-03-2023,Neha Verma,Chair,Furniture,5,1999
1308,09-08-2023,Vikas Patel,Printer,Electronics,4,8999
1309,03-06-2023,Priya Singh,Mouse,Electronics,4,499
1310,22-01-2023,Rohit Gupta,Marker,Stationery,5,35
1311,04-08-2023,Amit Sharma,Pen,Stationery,3,20
1312,02-07-2023,Vikas Patel,Chair,Furniture,2,1999
1313,04-02-2023,Pooja Sharma,Notebook,Stationery,3,99
1314,28-09-2023,Vikas Patel,Laptop,Electronics,4,45999
1315,12-01-2023,Neha Verma,Mouse,Electronics,3,499
1316,13-08-2023,Vikas Patel,Mouse,Electronics,5,499
1317,05-08-2023,Karan Singh,Laptop,Electronics,4,45999
1318,15-03-2023,Anjali Sharma,Chair,Furniture,3,1999
1319,11-12-2023,Karan Singh,Laptop,Electronics,2,45999
1320,28-12-2023,Amit Sharma,Mouse,Electronics,1,499
1321,02-10-2023,Priya Singh,Mouse,Electronics,1,499
1322,30-11-2023,Neha Verma,Mouse,Electronics,1,499
1323,16-09-2023,Sneha Jain,Smartphone,Electronics,3,15999
1324,18-08-2023,Amit Sharma,Marker,Stationery,3,35
1325,18-05-2023,Karan Singh,Laptop,Electronics,4,45999
1326,11-04-2023,Sneha Jain,Desk,Furniture,4,3499
1327,01-12-2023,Karan Singh,Printer,Electronics,1,8999
1328,08-08-2023,Priya Singh,Pen,Stationery,1,20
1329,24-03-2023,Pooja Sharma,Pen,Stationery,5,20
1330,06-09-2023,Anjali Sharma,Headphones,Electronics,3,1299
1331,03-03-2023,Rohit Gupta,Chair,Furniture,1,1999
1332,23-05-2023,Priya Singh,Mouse,Electronics,5,499
1333,11-07-2023,Neha Verma,Pen,Stationery,5,20
1334,16-10-2023,Rohit Gupta,Printer,Electronics,5,8999
1335,20-05-2023,Karan Singh,Smartphone,Electronics,5,15999
1336,16-04-2023,Sneha Jain,Printer,Electronics,4,8999
1337,23-04-2023,Rahul Mehta,Laptop,Electronics,3,45999
1338,15-06-2023,Neha Verma,Chair,Furniture,1,1999
1339,04-10-2023,Pooja Sharma,Notebook,Stationery,3,99
1340,12-03-2023,Karan Singh,Desk,Furniture,5,3499
1341,29-04-2023,Anjali Sharma,Desk,Furniture,4,3499
1342,09-06-2023,Neha Verma,Chair,Furniture,1,1999
1343,14-03-2023,Pooja Sharma,Pen,Stationery,4,20
1344,30-05-2023,Amit Sharma,Pen,Stationery,5,20
1345,14-04-2023,Amit Sharma,Smartphone,Electronics,2,15999
1346,13-04-2023,Rohit Gupta,Marker,Stationery,3,35
1347,20-10-2023,Anjali Sharma,Chair,Furniture,2,1999
1348,04-03-2023,Amit Sharma,Notebook,Stationery,1,99
1349,16-08-2023,Amit Sharma,Desk,Furniture,1,3499
1350,17-01-2023,Sneha Jain,Mouse,Electronics,5,499
1351,12-06-2023,Vikas Patel,Laptop,Electronics,2,45999
1352,19-11-2023,Amit Sharma,Headphones,Electronics,4,1299
1353,29-12-2023,Karan Singh,Chair,Furniture,4,1999
1354,03-12-2023,Neha Verma,Marker,Stationery,3,35
1355,19-04-2023,Karan Singh,Desk,Furniture,2,3499
1356,30-08-2023,Vikas Patel,Printer,Electronics,5,8999
1357,18-02-2023,Rohit Gupta,Pen,Stationery,4,20
1358,08-04-2023,Neha Verma,Pen,Stationery,4,20
1359,25-11-2023,Rohit Gupta,Chair,Furniture,2,1999
1360,03-04-2023,Anjali Sharma,Headphones,Electronics,3,1299
1361,22-11-2023,Rohit Gupta,Marker,Stationery,5,35
1362,21-09-2023,Neha Verma,Pen,Stationery,4,20
1363,30-08-2023,Neha Verma,Mouse,Electronics,3,499
1364,02-06-2023,Neha Verma,Headphones,Electronics,5,1299
1365,29-09-2023,Priya Singh,Mouse,Electronics,1,499
1366,28-05-2023,Priya Singh,Notebook,Stationery,3,99
1367,17-12-2023,Priya Singh,Headphones,Electronics,5,1299
1368,08-03-2023,Vikas Patel,Laptop,Electronics,4,45999
1369,08-07-2023,Neha Verma,Laptop,Electronics,3,45999
1370,11-08-2023,Pooja Sharma,Chair,Furniture,2,1999
1371,29-12-2023,Anjali Sharma,Headphones,Electronics,3,1299
1372,05-05-2023,Karan Singh,Printer,Electronics,1,8999
1373,23-01-2023,Priya Singh,Headphones,Electronics,4,1299
1374,20-09-2023,Rahul Mehta,Laptop,Electronics,4,45999
1375,09-04-2023,Vikas Patel,Notebook,Stationery,5,99
1376,27-03-2023,Priya Singh,Pen,Stationery,3,20
1377,09-09-2023,Karan Singh,Notebook,Stationery,5,99
1378,15-09-2023,Priya Singh,Marker,Stationery,5,35
1379,16-12-2023,Sneha Jain,Headphones,Electronics,5,1299
1380,12-11-2023,Karan Singh,Marker,Stationery,3,35
1381,13-10-2023,Vikas Patel,Marker,Stationery,5,35
1382,22-05-2023,Vikas Patel,Smartphone,Electronics,2,15999
1383,17-09-2023,Pooja Sharma,Mouse,Electronics,1,499
1384,15-01-2023,Anjali Sharma,Mouse,Electronics,3,499
1385,18-03-2023,Amit Sharma,Headphones,Electronics,1,1299
1386,11-02-2023,Karan Singh,Headphones,Electronics,4,1299
1387,28-03-2023,Sneha Jain,Printer,Electronics,1,8999
1388,12-12-2023,Amit Sharma,Chair,Furniture,2,1999
1389,18-03-2023,Neha Verma,Mouse,Electronics,1,499
1390,22-10-2023,Anjali Sharma,Chair,Furniture,1,1999
1391,19-10-2023,Karan Singh,Headphones,Electronics,3,1299
1392,01-05-2023,Anjali Sharma,Printer,Electronics,3,8999
1393,29-01-2023,Rohit Gupta,Marker,Stationery,5,35
1394,19-10-2023,Pooja Sharma,Desk,Furniture,1,3499
1395,26-08-2023,Neha Verma,Desk,Furniture,2,3499
1396,22-05-2023,Amit Sharma,Smartphone,Electronics,4,15999
1397,08-08-2023,Anjali Sharma,Pen,Stationery,4,20
1398,26-04-2023,Karan Singh,Mouse,Electronics,5,499
1399,19-01-2023,Vikas Patel,Marker,Stationery,1,35
1400,06-11-2023,Sneha Jain,Notebook,Stationery,1,99
1401,01-04-2023,Vikas Patel,Marker,Stationery,2,35
1402,03-02-2023,Amit Sharma,Desk,Furniture,1,3499
1403,26-01-2023,Amit Sharma,Laptop,Electronics,3,45999
1404,08-08-2023,Pooja Sharma,Mouse,Electronics,3,499
1405,13-11-2023,Pooja Sharma,Chair,Furniture,1,1999
1406,11-11-2023,Rahul Mehta,Laptop,Electronics,3,45999
1407,09-08-2023,Pooja Sharma,Chair,Furniture,5,1999
1408,11-08-2023,Neha Verma,Desk,Furniture,2,3499
1409,02-09-2023,Rahul Mehta,Headphones,Electronics,1,1299
1410,06-02-2023,Anjali Sharma,Laptop,Electronics,4,45999
1411,15-02-2023,Rohit Gupta,Mouse,Electronics,5,499
1412,18-06-2023,Amit Sharma,Smartphone,Electronics,2,15999
1413,05-09-2023,Amit Sharma,Mouse,Electronics,5,499
1414,02-01-2023,Priya Singh,Printer,Electronics,2,8999
1415,14-07-2023,Rahul Mehta,Mouse,Electronics,3,499
1416,20-05-2023,Amit Sharma,Mouse,Electronics,5,499
1417,04-01-2023,Amit Sharma,Marker,Stationery,3,35
1418,16-03-2023,Amit Sharma,Headphones,Electronics,5,1299
1419,03-06-2023,Neha Verma,Pen,Stationery,3,20
1420,18-05-2023,Anjali Sharma,Mouse,Electronics,3,499
1421,13-03-2023,Rahul Mehta,Marker,Stationery,2,35
1422,08-12-2023,Anjali Sharma,Pen,Stationery,4,20
1423,29-10-2023,Sneha Jain,Smartphone,Electronics,4,15999
1424,13-03-2023,Rohit Gupta,Mouse,Electronics,1,499
1425,14-03-2023,Neha Verma,Chair,Furniture,3,1999
1426,30-12-2023,Rohit Gupta,Printer,Electronics,2,8999
1427,12-01-2023,Neha Verma,Notebook,Stationery,1,99
1428,09-02-2023,Vikas Patel,Laptop,Electronics,1,45999
1429,29-07-2023,Neha Verma,Headphones,Electronics,4,1299
1430,07-05-2023,Rahul Mehta,Smartphone,Electronics,4,15999
1431,19-10-2023,Neha Verma,Printer,Electronics,5,8999
1432,24-02-2023,Vikas Patel,Printer,Electronics,5,8999
1433,20-02-2023,Sneha Jain,Pen,Stationery,4,20
1434,11-08-2023,Amit Sharma,Smartphone,Electronics,3,15999
1435,09-03-2023,Rahul Mehta,Laptop,Electronics,4,45999
1436,10-09-2023,Rohit Gupta,Pen,Stationery,3,20
1437,08-04-2023,Sneha Jain,Desk,Furniture,1,3499
1438,09-12-2023,Vikas Patel,Smartphone,Electronics,5,15999
1439,23-10-2023,Pooja Sharma,Headphones,Electronics,2,1299
1440,16-09-2023,Rahul Mehta,Chair,Furniture,5,1999
1441,07-03-2023,Neha Verma,Headphones,Electronics,2,1299
1442,20-06-2023,Amit Sharma,Mouse,Electronics,2,499
1443,11-02-2023,Pooja Sharma,Smartphone,Electronics,4,15999
1444,16-11-2023,Pooja Sharma,Pen,Stationery,2,20
1445,05-05-2023,Priya Singh,Notebook,Stationery,2,99
1446,13-06-2023,Vikas Patel,Notebook,Stationery,2,99
1447,17-02-2023,Rahul Mehta,Mouse,Electronics,4,499
1448,22-09-2023,Rohit Gupta,Marker,Stationery,2,35
1449,15-07-2023,Amit Sharma,Printer,Electronics,4,8999
1450,30-06-2023,Karan Singh,Marker,Stationery,1,35
1451,10-02-2023,Amit Sharma,Marker,Stationery,2,35
1452,30-01-2023,Sneha Jain,Chair,Furniture,4,1999
1453,12-04-2023,Pooja Sharma,Chair,Furniture,5,1999
1454,02-05-2023,Anjali Sharma,Smartphone,Electronics,4,15999
1455,13-04-2023,Pooja Sharma,Chair,Furniture,2,1999
1456,19-09-2023,Anjali Sharma,Notebook,Stationery,1,99
1457,03-04-2023,Rahul Mehta,Mouse,Electronics,1,499
1458,13-12-2023,Sneha Jain,Headphones,Electronics,1,1299
1459,30-07-2023,Anjali Sharma,Smartphone,Electronics,1,15999
1460,08-04-2023,Vikas Patel,Printer,Electronics,4,8999
1461,09-03-2023,Priya Singh,Smartphone,Electronics,5,15999
1462,01-05-2023,Rahul Mehta,Smartphone,Electronics,1,15999
1463,08-05-2023,Amit Sharma,Notebook,Stationery,3,99
1464,12-01-2023,Anjali Sharma,Desk,Furniture,1,3499
1465,01-07-2023,Karan Singh,Marker,Stationery,3,35
1466,14-12-2023,Neha Verma,Pen,Stationery,5,20
1467,27-05-2023,Anjali Sharma,Marker,Stationery,2,35
1468,08-03-2023,Vikas Patel,Mouse,Electronics,1,499
1469,24-10-2023,Pooja Sharma,Smartphone,Electronics,1,15999
1470,09-03-2023,Anjali Sharma,Desk,Furniture,3,3499
1471,06-11-2023,Pooja Sharma,Notebook,Stationery,1,99
1472,20-01-2023,Pooja Sharma,Printer,Electronics,5,8999
1473,05-02-2023,Rahul Mehta,Desk,Furniture,5,3499
1474,15-10-2023,Amit Sharma,Chair,Furniture,2,1999
1475,19-01-2023,Rahul Mehta,Notebook,Stationery,4,99
1476,21-05-2023,Rohit Gupta,Headphones,Electronics,5,1299
1477,05-10-2023,Pooja Sharma,Notebook,Stationery,2,99
1478,24-07-2023,Priya Singh,Laptop,Electronics,3,45999
1479,29-05-2023,Karan Singh,Chair,Furniture,3,1999
1480,24-06-2023,Rahul Mehta,Laptop,Electronics,1,45999
1481,18-03-2023,Karan Singh,Pen,Stationery,5,20
1482,21-06-2023,Rohit Gupta,Desk,Furniture,3,3499
1483,03-01-2023,Anjali Sharma,Smartphone,Electronics,3,15999
1484,05-07-2023,Priya Singh,Marker,Stationery,1,35
1485,23-04-2023,Karan Singh,Printer,Electronics,3,8999
1486,25-07-2023,Amit Sharma,Notebook,Stationery,5,99
1487,19-07-2023,Neha Verma,Desk,Furniture,4,3499
1488,28-12-2023,Pooja Sharma,Pen,Stationery,1,20
1489,29-06-2023,Sneha Jain,Printer,Electronics,5,8999
1490,28-07-2023,Neha Verma,Notebook,Stationery,4,99
1491,08-06-2023,Sneha Jain,Headphones,Electronics,4,1299
1492,06-04-2023,Sneha Jain,Notebook,Stationery,2,99
1493,26-10-2023,Rohit Gupta,Laptop,Electronics,2,45999
1494,04-02-2023,Anjali Sharma,Printer,Electronics,1,8999
1495,14-07-2023,Rohit Gupta,Headphones,Electronics,3,1299
1496,22-01-2023,Vikas Patel,Printer,Electronics,4,8999
1497,10-04-2023,Anjali Sharma,Printer,Electronics,4,8999
1498,03-01-2023,Amit Sharma,Pen,Stationery,3,20
1499,27-08-2023,Anjali Sharma,Smartphone,Electronics,4,15999
1500,06-03-2023,Rohit Gupta,Chair,Furniture,2,1999
1501,11-09-2023,Vikas Patel,Headphones,Electronics,3,1299
1502,21-10-2023,Karan Singh,Mouse,Electronics,5,499
1503,19-10-2023,Neha Verma,Laptop,Electronics,3,45999
1504,09-02-2023,Rahul Mehta,Mouse,Electronics,2,499
1505,31-05-2023,Amit Sharma,Pen,Stationery,3,20
1506,26-03-2023,Sneha Jain,Notebook,Stationery,2,99
1507,18-01-2023,Anjali Sharma,Chair,Furniture,2,1999
1508,10-08-2023,Rohit Gupta,Laptop,Electronics,5,45999
1509,13-10-2023,Vikas Patel,Headphones,Electronics,1,1299
1510,03-01-2023,Karan Singh,Desk,Furniture,2,3499
1511,09-11-2023,Vikas Patel,Marker,Stationery,3,35
1512,21-06-2023,Pooja Sharma,Mouse,Electronics,1,499
1513,16-11-2023,Priya Singh,Pen,Stationery,5,20
1514,20-11-2023,Sneha Jain,Pen,Stationery,4,20
1515,11-12-2023,Priya Singh,Notebook,Stationery,5,99
1516,27-12-2023,Vikas Patel,Notebook,Stationery,3,99
1517,01-01-2023,Pooja Sharma,Notebook,Stationery,1,99
1518,28-03-2023,Sneha Jain,Marker,Stationery,1,35
1519,02-03-2023,Rahul Mehta,Notebook,Stationery,1,99
1520,16-11-2023,Neha Verma,Headphones,Electronics,1,1299
1521,14-06-2023,Karan Singh,Pen,Stationery,3,20
1522,22-06-2023,Neha Verma,Smartphone,Electronics,5,15999
1523,24-08-2023,Rahul Mehta,Desk,Furniture,5,3499
1524,28-09-2023,Anjali Sharma,Smartphone,Electronics,3,15999
1525,03-09-2023,Rohit Gupta,Mouse,Electronics,4,499
1526,29-09-2023,Pooja Sharma,Chair,Furniture,3,1999
1527,31-12-2023,Rahul Mehta,Headphones,Electronics,3,1299
1528,27-10-2023,Priya Singh,Laptop,Electronics,4,45999
1529,16-06-2023,Sneha Jain,Smartphone,Electronics,1,15999
1530,22-05-2023,Anjali Sharma,Marker,Stationery,2,35
1531,14-03-2023,Sneha Jain,Smartphone,Electronics,5,15999
1532,30-12-2023,Amit Sharma,Printer,Electronics,2,8999
1533,05-05-2023,Priya Singh,Laptop,Electronics,1,45999
1534,08-11-2023,Anjali Sharma,Headphones,Electronics,2,1299
1535,04-05-2023,Priya Singh,Mouse,Electronics,1,499
1536,07-02-2023,Anjali Sharma,Mouse,Electronics,1,499
1537,25-07-2023,Sneha Jain,Desk,Furniture,3,3499
1538,07-01-2023,Sneha Jain,Marker,Stationery,2,35
1539,29-10-2023,Neha Verma,Headphones,Electronics,2,1299
1540,27-10-2023,Pooja Sharma,Desk,Furniture,4,3499
1541,26-01-2023,Sneha Jain,Marker,Stationery,3,35
1542,17-11-2023,Pooja Sharma,Headphones,Electronics,5,1299
1543,19-12-2023,Anjali Sharma,Chair,Furniture,4,1999
1544,13-04-2023,Sneha Jain,Notebook,Stationery,4,99
1545,19-03-2023,Amit Sharma,Pen,Stationery,3,20
1546,09-04-2023,Vikas Patel,Smartphone,Electronics,4,15999
1547,06-12-2023,Karan Singh,Smartphone,Electronics,3,15999
1548,31-10-2023,Priya Singh,Marker,Stationery,4,35
1549,12-08-2023,Amit Sharma,Headphones,Electronics,1,1299
1550,12-01-2023,Vikas Patel,Chair,Furniture,5,1999
1551,08-12-2023,Anjali Sharma,Mouse,Electronics,2,499
1552,01-11-2023,Neha Verma,Headphones,Electronics,3,1299
1553,29-11-2023,Anjali Sharma,Chair,Furniture,5,1999
1554,15-03-2023,Rahul Mehta,Printer,Electronics,2,8999
1555,29-03-2023,Priya Singh,Printer,Electronics,4,8999
1556,25-05-2023,Vikas Patel,Marker,Stationery,3,35
1557,11-01-2023,Vikas Patel,Printer,Electronics,5,8999
1558,06-07-2023,Anjali Sharma,Headphones,Electronics,1,1299
1559,23-05-2023,Pooja Sharma,Marker,Stationery,1,35
1560,20-02-2023,Rohit Gupta,Marker,Stationery,4,35
1561,28-03-2023,Neha Verma,Smartphone,Electronics,5,15999
1562,17-09-2023,Neha Verma,Notebook,Stationery,1,99
1563,09-07-2023,Karan Singh,Mouse,Electronics,2,499
1564,23-08-2023,Vikas Patel,Printer,Electronics,1,8999
1565,15-09-2023,Sneha Jain,Smartphone,Electronics,1,15999
1566,17-12-2023,Sneha Jain,Headphones,Electronics,1,1299
1567,18-11-2023,Vikas Patel,Printer,Electronics,1,8999
1568,18-01-2023,Vikas Patel,Desk,Furniture,2,3499
1569,25-04-2023,Vikas Patel,Printer,Electronics,5,8999
1570,01-06-2023,Priya Singh,Marker,Stationery,3,35
1571,12-11-2023,Pooja Sharma,Smartphone,Electronics,4,15999
1572,04-10-2023,Amit Sharma,Headphones,Electronics,1,1299
1573,17-12-2023,Pooja Sharma,Mouse,Electronics,3,499
1574,28-12-2023,Priya Singh,Laptop,Electronics,3,45999
1575,27-08-2023,Sneha Jain,Notebook,Stationery,3,99
1576,02-06-2023,Amit Sharma,Desk,Furniture,4,3499
1577,16-03-2023,Anjali Sharma,Smartphone,Electronics,5,15999
1578,07-12-2023,Rohit Gupta,Headphones,Electronics,4,1299
1579,27-04-2023,Rahul Mehta,Mouse,Electronics,1,499
1580,08-11-2023,Sneha Jain,Smartphone,Electronics,3,15999
1581,11-11-2023,Amit Sharma,Printer,Electronics,3,8999
1582,28-10-2023,Rahul Mehta,Desk,Furniture,4,3499
1583,14-03-2023,Pooja Sharma,Desk,Furniture,5,3499
1584,27-01-2023,Rohit Gupta,Notebook,Stationery,3,99
1585,16-11-2023,Rahul Mehta,Headphones,Electronics,5,1299
1586,10-03-2023,Sneha Jain,Marker,Stationery,2,35
1587,29-08-2023,Amit Sharma,Pen,Stationery,2,20
1588,08-09-2023,Neha Verma,Printer,Electronics,2,8999
1589,26-06-2023,Rahul Mehta,Pen,Stationery,5,20
1590,30-01-2023,Sneha Jain,Notebook,Stationery,3,99
1591,21-10-2023,Sneha Jain,Smartphone,Electronics,3,15999
1592,01-09-2023,Sneha Jain,Headphones,Electronics,4,1299
1593,01-09-2023,Vikas Patel,Chair,Furniture,3,1999
1594,17-07-2023,Priya Singh,Marker,Stationery,5,35
1595,17-02-2023,Amit Sharma,Notebook,Stationery,5,99
1596,29-07-2023,Priya Singh,Printer,Electronics,1,8999
1597,22-02-2023,Neha Verma,Marker,Stationery,5,35
1598,22-04-2023,Vikas Patel,Marker,Stationery,3,35
1599,22-11-2023,Amit Sharma,Headphones,Electronics,2,1299
1600,16-01-2023,Anjali Sharma,Mouse,Electronics,3,499
1601,21-12-2023,Rohit Gupta,Desk,Furniture,5,3499
1602,20-04-2023,Rahul Mehta,Headphones,Electronics,5,1299
1603,31-10-2023,Anjali Sharma,Notebook,Stationery,2,99
1604,13-05-2023,Vikas Patel,Desk,Furniture,5,3499
1605,16-09-2023,Pooja Sharma,Mouse,Electronics,3,499
1606,25-03-2023,Priya Singh,Printer,Electronics,3,8999
1607,10-05-2023,Sneha Jain,Mouse,Electronics,2,499
1608,28-01-2023,Rohit Gupta,Printer,Electronics,3,8999
1609,23-11-2023,Pooja Sharma,Marker,Stationery,5,35
1610,24-06-2023,Pooja Sharma,Notebook,Stationery,3,99
1611,08-11-2023,Anjali Sharma,Marker,Stationery,3,35
1612,31-12-2023,Priya Singh,Mouse,Electronics,5,499
1613,10-10-2023,Pooja Sharma,Printer,Electronics,5,8999
1614,05-09-2023,Rahul Mehta,Laptop,Electronics,3,45999
1615,04-09-2023,Rahul Mehta,Pen,Stationery,3,20
1616,25-06-2023,Anjali Sharma,Pen,Stationery,1,20
1617,30-04-2023,Priya Singh,Pen,Stationery,4,20
1618,08-09-2023,Vikas Patel,Mouse,Electronics,4,499
1619,07-10-2023,Karan Singh,Desk,Furniture,5,3499
1620,04-04-2023,Pooja Sharma,Notebook,Stationery,3,99
1621,01-09-2023,Anjali Sharma,Chair,Furniture,1,1999
1622,15-03-2023,Pooja Sharma,Desk,Furniture,4,3499
1623,18-11-2023,Sneha Jain,Pen,Stationery,5,20
1624,06-10-2023,Neha Verma,Headphones,Electronics,4,1299
1625,25-06-2023,Karan Singh,Desk,Furniture,5,3499
1626,07-06-2023,Amit Sharma,Printer,Electronics,2,8999
1627,15-10-2023,Pooja Sharma,Marker,Stationery,4,35
1628,05-02-2023,Neha Verma,Mouse,Electronics,3,499
1629,01-08-2023,Priya Singh,Chair,Furniture,2,1999
1630,12-05-2023,Sneha Jain,Desk,Furniture,3,3499
1631,14-12-2023,Amit Sharma,Chair,Furniture,5,1999
1632,21-05-2023,Pooja Sharma,Notebook,Stationery,2,99
1633,09-12-2023,Amit Sharma,Marker,Stationery,1,35
1634,28-11-2023,Rahul Mehta,Mouse,Electronics,5,499
1635,28-11-2023,Sneha Jain,Smartphone,Electronics,5,15999
1636,18-11-2023,Vikas Patel,Chair,Furniture,4,1999
1637,05-05-2023,Rohit Gupta,Laptop,Electronics,4,45999
1638,19-04-2023,Amit Sharma,Marker,Stationery,1,35
1639,14-07-2023,Karan Singh,Pen,Stationery,4,20
1640,08-03-2023,Sneha Jain,Pen,Stationery,3,20
1641,26-03-2023,Priya Singh,Printer,Electronics,4,8999
1642,16-06-2023,Karan Singh,Headphones,Electronics,4,1299
1643,20-08-2023,Vikas Patel,Smartphone,Electronics,2,15999
1644,17-05-2023,Vikas Patel,Smartphone,Electronics,2,15999
1645,06-09-2023,Anjali Sharma,Marker,Stationery,2,35
1646,01-03-2023,Vikas Patel,Printer,Electronics,1,8999
1647,09-04-2023,Neha Verma,Pen,Stationery,1,20
1648,05-01-2023,Amit Sharma,Smartphone,Electronics,4,15999
1649,19-01-2023,Vikas Patel,Desk,Furniture,1,3499
1650,23-02-2023,Anjali Sharma,Pen,Stationery,2,20
1651,21-04-2023,Vikas Patel,Notebook,Stationery,3,99
1652,15-12-2023,Pooja Sharma,Printer,Electronics,3,8999
1653,23-08-2023,Karan Singh,Chair,Furniture,4,1999
1654,03-07-2023,Rohit Gupta,Mouse,Electronics,4,499
1655,21-03-2023,Rahul Mehta,Desk,Furniture,5,3499
1656,30-06-2023,Amit Sharma,Laptop,Electronics,3,45999
1657,31-12-2023,Neha Verma,Mouse,Electronics,2,499
1658,25-09-2023,Neha Verma,Desk,Furniture,2,3499
1659,30-06-2023,Rohit Gupta,Printer,Electronics,5,8999
1660,14-02-2023,Pooja Sharma,Printer,Electronics,4,8999
1661,08-10-2023,Anjali Sharma,Marker,Stationery,1,35
1662,03-12-2023,Vikas Patel,Headphones,Electronics,2,1299
1663,23-01-2023,Anjali Sharma,Desk,Furniture,3,3499
1664,26-03-2023,Rohit Gupta,Printer,Electronics,2,8999
1665,19-02-2023,Priya Singh,Laptop,Electronics,5,45999
1666,10-06-2023,Sneha Jain,Marker,Stationery,5,35
1667,03-01-2023,Anjali Sharma,Headphones,Electronics,5,1299
1668,07-04-2023,Karan Singh,Desk,Furniture,4,3499
1669,04-06-2023,Priya Singh,Printer,Electronics,3,8999
1670,31-01-2023,Anjali Sharma,Smartphone,Electronics,1,15999
1671,18-01-2023,Anjali Sharma,Headphones,Electronics,4,1299
1672,19-04-2023,Sneha Jain,Chair,Furniture,1,1999
1673,21-12-2023,Sneha Jain,Smartphone,Electronics,1,15999
1674,06-02-2023,Vikas Patel,Notebook,Stationery,1,99
1675,07-12-2023,Rahul Mehta,Smartphone,Electronics,3,15999
1676,09-01-2023,Priya Singh,Laptop,Electronics,2,45999
1677,24-12-2023,Rohit Gupta,Chair,Furniture,3,1999
1678,13-03-2023,Priya Singh,Desk,Furniture,4,3499
1679,15-09-2023,Anjali Sharma,Notebook,Stationery,4,99
1680,21-04-2023,Priya Singh,Pen,Stationery,2,20
1681,25-05-2023,Amit Sharma,Laptop,Electronics,2,45999
1682,12-05-2023,Pooja Sharma,Smartphone,Electronics,1,15999
1683,05-03-2023,Vikas Patel,Mouse,Electronics,5,499
1684,17-09-2023,Sneha Jain,Marker,Stationery,3,35
1685,06-12-2023,Vikas Patel,Printer,Electronics,5,8999
1686,12-07-2023,Sneha Jain,Pen,Stationery,1,20
1687,27-07-2023,Neha Verma,Printer,Electronics,5,8999
1688,14-12-2023,Amit Sharma,Chair,Furniture,1,1999
1689,16-06-2023,Vikas Patel,Marker,Stationery,1,35
1690,04-11-2023,Sneha Jain,Pen,Stationery,2,20
1691,04-09-2023,Vikas Patel,Pen,Stationery,2,20
1692,02-01-2023,Karan Singh,Pen,Stationery,4,20
1693,19-04-2023,Rahul Mehta,Smartphone,Electronics,3,15999
1694,04-12-2023,Vikas Patel,Laptop,Electronics,1,45999
1695,24-09-2023,Sneha Jain,Desk,Furniture,3,3499
1696,06-11-2023,Sneha Jain,Laptop,Electronics,1,45999
1697,22-11-2023,Vikas Patel,Smartphone,Electronics,1,15999
1698,06-05-2023,Rohit Gupta,Marker,Stationery,1,35
1699,14-11-2023,Amit Sharma,Laptop,Electronics,3,45999
1700,14-10-2023,Vikas Patel,Chair,Furniture,5,1999
1701,19-06-2023,Amit Sharma,Notebook,Stationery,1,99
1702,07-11-2023,Pooja Sharma,Marker,Stationery,1,35
1703,25-11-2023,Rohit Gupta,Mouse,Electronics,3,499
1704,16-04-2023,Vikas Patel,Marker,Stationery,2,35
1705,04-04-2023,Neha Verma,Pen,Stationery,5,20
1706,27-03-2023,Karan Singh,Mouse,Electronics,4,499
1707,28-06-2023,Vikas Patel,Smartphone,Electronics,5,15999
1708,12-05-2023,Priya Singh,Headphones,Electronics,1,1299
1709,31-12-2023,Rahul Mehta,Desk,Furniture,1,3499
1710,11-09-2023,Rahul Mehta,Printer,Electronics,2,8999
1711,25-05-2023,Karan Singh,Pen,Stationery,1,20
1712,28-09-2023,Amit Sharma,Marker,Stationery,5,35
1713,26-12-2023,Neha Verma,Laptop,Electronics,5,45999
1714,17-05-2023,Vikas Patel,Marker,Stationery,1,35
1715,28-03-2023,Amit Sharma,Headphones,Electronics,1,1299
1716,10-10-2023,Karan Singh,Notebook,Stationery,1,99
1717,19-12-2023,Rahul Mehta,Marker,Stationery,1,35
1718,13-03-2023,Neha Verma,Notebook,Stationery,2,99
1719,28-11-2023,Rahul Mehta,Pen,Stationery,1,20
1720,12-10-2023,Amit Sharma,Mouse,Electronics,1,499
1721,08-06-2023,Sneha Jain,Laptop,Electronics,3,45999
1722,19-07-2023,Neha Verma,Smartphone,Electronics,4,15999
1723,22-05-2023,Neha Verma,Pen,Stationery,1,20
1724,29-07-2023,Rahul Mehta,Smartphone,Electronics,2,15999
1725,21-04-2023,Rahul Mehta,Chair,Furniture,5,1999
1726,20-04-2023,Amit Sharma,Desk,Furniture,2,3499
1727,07-01-2023,Sneha Jain,Chair,Furniture,1,1999
1728,27-07-2023,Amit Sharma,Desk,Furniture,4,3499
1729,28-09-2023,Karan Singh,Notebook,Stationery,1,99
1730,19-08-2023,Karan Singh,Laptop,Electronics,2,45999
1731,01-01-2023,Rahul Mehta,Chair,Furniture,2,1999
1732,27-05-2023,Amit Sharma,Marker,Stationery,1,35
1733,28-01-2023,Priya Singh,Mouse,Electronics,3,499
1734,30-04-2023,Vikas Patel,Pen,Stationery,2,20
1735,20-01-2023,Amit Sharma,Marker,Stationery,5,35
1736,07-07-2023,Karan Singh,Printer,Electronics,1,8999
1737,04-10-2023,Rohit Gupta,Desk,Furniture,2,3499
1738,20-05-2023,Priya Singh,Chair,Furniture,1,1999
1739,25-06-2023,Priya Singh,Smartphone,Electronics,2,15999
1740,03-12-2023,Vikas Patel,Pen,Stationery,5,20
1741,15-05-2023,Sneha Jain,Mouse,Electronics,4,499
1742,23-03-2023,Neha Verma,Desk,Furniture,2,3499
1743,07-11-2023,Sneha Jain,Smartphone,Electronics,2,15999
1744,04-07-2023,Sneha Jain,Mouse,Electronics,3,499
1745,25-09-2023,Amit Sharma,Laptop,Electronics,5,45999
1746,08-02-2023,Vikas Patel,Headphones,Electronics,2,1299
1747,14-01-2023,Rahul Mehta,Laptop,Electronics,2,45999
1748,22-11-2023,Amit Sharma,Mouse,Electronics,2,499
1749,05-05-2023,Neha Verma,Desk,Furniture,5,3499
1750,07-02-2023,Vikas Patel,Headphones,Electronics,1,1299
1751,27-09-2023,Karan Singh,Smartphone,Electronics,2,15999
1752,22-02-2023,Priya Singh,Notebook,Stationery,5,99
1753,24-10-2023,Sneha Jain,Laptop,Electronics,4,45999
1754,19-09-2023,Karan Singh,Desk,Furniture,1,3499
1755,16-12-2023,Sneha Jain,Notebook,Stationery,3,99
1756,25-07-2023,Anjali Sharma,Headphones,Electronics,5,1299
1757,05-11-2023,Sneha Jain,Marker,Stationery,1,35
1758,01-08-2023,Sneha Jain,Chair,Furniture,5,1999
1759,14-07-2023,Anjali Sharma,Headphones,Electronics,5,1299
1760,07-07-2023,Anjali Sharma,Mouse,Electronics,5,499
1761,24-03-2023,Karan Singh,Marker,Stationery,3,35
1762,23-07-2023,Neha Verma,Printer,Electronics,4,8999
1763,14-05-2023,Pooja Sharma,Laptop,Electronics,5,45999
1764,23-04-2023,Rahul Mehta,Marker,Stationery,2,35
1765,16-08-2023,Priya Singh,Printer,Electronics,4,8999
1766,11-01-2023,Neha Verma,Marker,Stationery,1,35
1767,05-02-2023,Rahul Mehta,Laptop,Electronics,4,45999
1768,10-05-2023,Neha Verma,Mouse,Electronics,3,499
1769,08-07-2023,Anjali Sharma,Mouse,Electronics,2,499
1770,21-01-2023,Amit Sharma,Pen,Stationery,5,20
1771,12-12-2023,Karan Singh,Headphones,Electronics,3,1299
1772,24-09-2023,Priya Singh,Pen,Stationery,2,20
1773,14-01-2023,Rahul Mehta,Desk,Furniture,4,3499
1774,20-07-2023,Vikas Patel,Notebook,Stationery,3,99
1775,03-12-2023,Vikas Patel,Desk,Furniture,2,3499
1776,02-01-2023,Priya Singh,Printer,Electronics,3,8999
1777,11-04-2023,Karan Singh,Printer,Electronics,1,8999
1778,28-02-2023,Rahul Mehta,Chair,Furniture,1,1999
1779,29-05-2023,Vikas Patel,Smartphone,Electronics,4,15999
1780,13-07-2023,Karan Singh,Laptop,Electronics,3,45999
1781,31-03-2023,Anjali Sharma,Laptop,Electronics,2,45999
1782,16-01-2023,Priya Singh,Laptop,Electronics,3,45999
1783,26-05-2023,Karan Singh,Printer,Electronics,1,8999
1784,23-10-2023,Karan Singh,Marker,Stationery,5,35
1785,23-01-2023,Priya Singh,Pen,Stationery,2,20
1786,10-04-2023,Vikas Patel,Printer,Electronics,1,8999
1787,05-02-2023,Neha Verma,Printer,Electronics,2,8999
1788,20-01-2023,Priya Singh,Printer,Electronics,4,8999
1789,23-08-2023,Priya Singh,Smartphone,Electronics,3,15999
1790,03-02-2023,Neha Verma,Headphones,Electronics,3,1299
1791,10-08-2023,Vikas Patel,Pen,Stationery,1,20
1792,09-11-2023,Karan Singh,Printer,Electronics,5,8999
1793,18-07-2023,Rahul Mehta,Pen,Stationery,2,20
1794,11-10-2023,Neha Verma,Printer,Electronics,4,8999
1795,10-11-2023,Priya Singh,Printer,Electronics,4,8999
1796,28-10-2023,Anjali Sharma,Chair,Furniture,5,1999
1797,20-12-2023,Sneha Jain,Chair,Furniture,3,1999
1798,21-04-2023,Priya Singh,Marker,Stationery,3,35
1799,07-06-2023,Anjali Sharma,Mouse,Electronics,3,499
1800,05-12-2023,Neha Verma,Desk,Furniture,5,3499
1801,28-04-2023,Rohit Gupta,Mouse,Electronics,4,499
1802,26-04-2023,Priya Singh,Printer,Electronics,3,8999
1803,11-02-2023,Amit Sharma,Smartphone,Electronics,2,15999
1804,11-12-2023,Vikas Patel,Marker,Stationery,5,35
1805,17-06-2023,Amit Sharma,Notebook,Stationery,5,99
1806,12-07-2023,Vikas Patel,Desk,Furniture,3,3499
1807,03-02-2023,Rohit Gupta,Notebook,Stationery,5,99
1808,16-05-2023,Vikas Patel,Laptop,Electronics,1,45999
1809,05-11-2023,Amit Sharma,Pen,Stationery,3,20
1810,10-03-2023,Rahul Mehta,Chair,Furniture,2,1999
1811,05-03-2023,Rohit Gupta,Marker,Stationery,2,35
1812,16-08-2023,Neha Verma,Laptop,Electronics,4,45999
1813,02-12-2023,Rahul Mehta,Marker,Stationery,3,35
1814,09-09-2023,Rohit Gupta,Mouse,Electronics,4,499
1815,13-11-2023,Rohit Gupta,Pen,Stationery,4,20
1816,23-07-2023,Anjali Sharma,Desk,Furniture,4,3499
1817,07-07-2023,Pooja Sharma,Headphones,Electronics,1,1299
1818,17-05-2023,Anjali Sharma,Marker,Stationery,2,35
1819,16-12-2023,Vikas Patel,Laptop,Electronics,5,45999
1820,18-06-2023,Priya Singh,Smartphone,Electronics,3,15999
1821,15-01-2023,Pooja Sharma,Notebook,Stationery,4,99
1822,28-01-2023,Priya Singh,Desk,Furniture,4,3499
1823,13-10-2023,Rohit Gupta,Mouse,Electronics,3,499
1824,10-09-2023,Anjali Sharma,Marker,Stationery,1,35
1825,17-11-2023,Priya Singh,Smartphone,Electronics,5,15999
1826,09-08-2023,Rohit Gupta,Notebook,Stationery,5,99
1827,12-04-2023,Rohit Gupta,Marker,Stationery,1,35
1828,17-01-2023,Neha Verma,Pen,Stationery,5,20
1829,02-11-2023,Amit Sharma,Printer,Electronics,4,8999
1830,16-10-2023,Vikas Patel,Smartphone,Electronics,2,15999
1831,02-11-2023,Amit Sharma,Smartphone,Electronics,3,15999
1832,27-02-2023,Anjali Sharma,Laptop,Electronics,1,45999
1833,08-02-2023,Neha Verma,Chair,Furniture,5,1999
1834,15-09-2023,Anjali Sharma,Pen,Stationery,1,20
1835,26-09-2023,Priya Singh,Mouse,Electronics,2,499
1836,10-12-2023,Sneha Jain,Desk,Furniture,4,3499
1837,21-02-2023,Neha Verma,Notebook,Stationery,3,99
1838,25-06-2023,Neha Verma,Chair,Furniture,3,1999
1839,28-10-2023,Amit Sharma,Laptop,Electronics,4,45999
1840,05-09-2023,Anjali Sharma,Marker,Stationery,1,35
1841,19-08-2023,Rahul Mehta,Printer,Electronics,5,8999
1842,24-01-2023,Rahul Mehta,Chair,Furniture,2,1999
1843,07-09-2023,Karan Singh,Marker,Stationery,2,35
1844,30-01-2023,Sneha Jain,Chair,Furniture,3,1999
1845,27-11-2023,Rahul Mehta,Headphones,Electronics,1,1299
1846,15-09-2023,Anjali Sharma,Printer,Electronics,1,8999
1847,20-10-2023,Rohit Gupta,Notebook,Stationery,3,99
1848,11-07-2023,Amit Sharma,Marker,Stationery,5,35
1849,09-12-2023,Rohit Gupta,Pen,Stationery,1,20
1850,26-08-2023,Priya Singh,Marker,Stationery,4,35
1851,12-12-2023,Neha Verma,Pen,Stationery,3,20
1852,28-10-2023,Sneha Jain,Desk,Furniture,4,3499
1853,02-09-2023,Vikas Patel,Smartphone,Electronics,3,15999
1854,09-04-2023,Pooja Sharma,Pen,Stationery,5,20
1855,30-12-2023,Amit Sharma,Smartphone,Electronics,2,15999
1856,31-05-2023,Anjali Sharma,Chair,Furniture,2,1999
1857,24-09-2023,Rohit Gupta,Headphones,Electronics,1,1299
1858,20-01-2023,Amit Sharma,Pen,Stationery,5,20
1859,02-10-2023,Priya Singh,Mouse,Electronics,2,499
1860,06-02-2023,Karan Singh,Printer,Electronics,5,8999
1861,29-06-2023,Amit Sharma,Smartphone,Electronics,3,15999
1862,30-03-2023,Rohit Gupta,Printer,Electronics,2,8999
1863,27-11-2023,Vikas Patel,Printer,Electronics,1,8999
1864,23-11-2023,Neha Verma,Desk,Furniture,3,3499
1865,04-12-2023,Anjali Sharma,Pen,Stationery,1,20
1866,29-06-2023,Vikas Patel,Printer,Electronics,2,8999
1867,30-01-2023,Rahul Mehta,Laptop,Electronics,2,45999
1868,19-09-2023,Anjali Sharma,Headphones,Electronics,5,1299
1869,29-03-2023,Priya Singh,Printer,Electronics,5,8999
1870,30-09-2023,Pooja Sharma,Notebook,Stationery,5,99
1871,03-07-2023,Rohit Gupta,Laptop,Electronics,5,45999
1872,02-09-2023,Anjali Sharma,Notebook,Stationery,4,99
1873,30-12-2023,Vikas Patel,Pen,Stationery,5,20
1874,21-12-2023,Priya Singh,Chair,Furniture,3,1999
1875,26-10-2023,Pooja Sharma,Chair,Furniture,4,1999
1876,14-05-2023,Rahul Mehta,Chair,Furniture,3,1999
1877,16-11-2023,Rahul Mehta,Pen,Stationery,4,20
1878,28-08-2023,Anjali Sharma,Desk,Furniture,2,3499
1879,31-03-2023,Sneha Jain,Mouse,Electronics,1,499
1880,21-08-2023,Amit Sharma,Mouse,Electronics,5,499
1881,10-03-2023,Amit Sharma,Pen,Stationery,4,20
1882,11-12-2023,Amit Sharma,Mouse,Electronics,1,499
1883,28-08-2023,Neha Verma,Pen,Stationery,4,20
1884,05-05-2023,Neha Verma,Printer,Electronics,3,8999
1885,19-06-2023,Rohit Gupta,Smartphone,Electronics,4,15999
1886,11-12-2023,Vikas Patel,Pen,Stationery,1,20
1887,07-05-2023,Rohit Gupta,Smartphone,Electronics,2,15999
1888,15-05-2023,Priya Singh,Laptop,Electronics,1,45999
1889,04-04-2023,Sneha Jain,Chair,Furniture,1,1999
1890,29-03-2023,Sneha Jain,Notebook,Stationery,2,99
1891,03-11-2023,Anjali Sharma,Printer,Electronics,3,8999
1892,12-03-2023,Rahul Mehta,Pen,Stationery,1,20
1893,01-10-2023,Vikas Patel,Marker,Stationery,4,35
1894,22-10-2023,Rahul Mehta,Pen,Stationery,5,20
1895,08-05-2023,Vikas Patel,Printer,Electronics,4,8999
1896,11-07-2023,Anjali Sharma,Notebook,Stationery,4,99
1897,26-03-2023,Karan Singh,Desk,Furniture,1,3499
1898,07-08-2023,Rahul Mehta,Pen,Stationery,4,20
1899,18-07-2023,Amit Sharma,Chair,Furniture,1,1999
1900,27-08-2023,Karan Singh,Desk,Furniture,3,3499
1901,04-10-2023,Rahul Mehta,Chair,Furniture,4,1999
1902,08-11-2023,Pooja Sharma,Marker,Stationery,5,35
1903,08-07-2023,Priya Singh,Chair,Furniture,5,1999
1904,08-12-2023,Pooja Sharma,Printer,Electronics,4,8999
1905,20-04-2023,Rohit Gupta,Chair,Furniture,1,1999
1906,09-02-2023,Priya Singh,Laptop,Electronics,5,45999
1907,17-08-2023,Sneha Jain,Notebook,Stationery,3,99
1908,09-07-2023,Priya Singh,Headphones,Electronics,2,1299
1909,26-04-2023,Rohit Gupta,Chair,Furniture,3,1999
1910,06-06-2023,Rohit Gupta,Smartphone,Electronics,1,15999
1911,08-03-2023,Anjali Sharma,Smartphone,Electronics,1,15999
1912,12-06-2023,Amit Sharma,Marker,Stationery,2,35
1913,26-12-2023,Pooja Sharma,Pen,Stationery,2,20
1914,04-11-2023,Priya Singh,Printer,Electronics,1,8999
1915,25-04-2023,Rahul Mehta,Marker,Stationery,5,35
1916,18-10-2023,Rohit Gupta,Desk,Furniture,1,3499
1917,11-03-2023,Priya Singh,Desk,Furniture,1,3499
1918,26-09-2023,Karan Singh,Smartphone,Electronics,5,15999
1919,04-03-2023,Anjali Sharma,Smartphone,Electronics,1,15999
1920,03-03-2023,Sneha Jain,Mouse,Electronics,2,499
1921,22-12-2023,Vikas Patel,Pen,Stationery,1,20
1922,13-04-2023,Anjali Sharma,Pen,Stationery,4,20
1923,15-05-2023,Rohit Gupta,Mouse,Electronics,1,499
1924,04-09-2023,Rohit Gupta,Marker,Stationery,4,35
1925,14-06-2023,Neha Verma,Marker,Stationery,1,35
1926,08-01-2023,Karan Singh,Pen,Stationery,5,20
1927,10-01-2023,Rohit Gupta,Chair,Furniture,1,1999
1928,15-10-2023,Amit Sharma,Laptop,Electronics,4,45999
1929,02-12-2023,Amit Sharma,Chair,Furniture,2,1999
1930,01-02-2023,Amit Sharma,Pen,Stationery,4,20
1931,03-04-2023,Sneha Jain,Marker,Stationery,3,35
1932,22-03-2023,Rahul Mehta,Desk,Furniture,1,3499
1933,25-06-2023,Pooja Sharma,Marker,Stationery,5,35
1934,09-05-2023,Amit Sharma,Notebook,Stationery,3,99
1935,26-04-2023,Neha Verma,Notebook,Stationery,2,99
1936,10-08-2023,Neha Verma,Mouse,Electronics,5,499
1937,25-09-2023,Karan Singh,Smartphone,Electronics,4,15999
1938,26-08-2023,Rohit Gupta,Pen,Stationery,2,20
1939,19-11-2023,Sneha Jain,Desk,Furniture,4,3499
1940,09-07-2023,Anjali Sharma,Laptop,Electronics,3,45999
1941,09-06-2023,Amit Sharma,Smartphone,Electronics,5,15999
1942,23-10-2023,Priya Singh,Headphones,Electronics,3,1299
1943,26-06-2023,Amit Sharma,Smartphone,Electronics,4,15999
1944,21-09-2023,Pooja Sharma,Laptop,Electronics,4,45999
1945,26-03-2023,Neha Verma,Headphones,Electronics,1,1299
1946,25-10-2023,Rahul Mehta,Mouse,Electronics,2,499
1947,08-02-2023,Vikas Patel,Laptop,Electronics,5,45999
1948,27-02-2023,Rohit Gupta,Smartphone,Electronics,5,15999
1949,04-05-2023,Neha Verma,Marker,Stationery,3,35
1950,12-10-2023,Amit Sharma,Notebook,Stationery,3,99
1951,10-06-2023,Rahul Mehta,Marker,Stationery,2,35
1952,26-11-2023,Pooja Sharma,Smartphone,Electronics,2,15999
1953,30-03-2023,Karan Singh,Printer,Electronics,5,8999
1954,20-05-2023,Vikas Patel,Chair,Furniture,1,1999
1955,15-06-2023,Pooja Sharma,Pen,Stationery,1,20
1956,20-08-2023,Pooja Sharma,Mouse,Electronics,3,499
1957,12-06-2023,Vikas Patel,Marker,Stationery,5,35
1958,19-11-2023,Vikas Patel,Notebook,Stationery,3,99
1959,20-07-2023,Pooja Sharma,Notebook,Stationery,4,99
1960,09-04-2023,Sneha Jain,Mouse,Electronics,4,499
1961,31-10-2023,Rahul Mehta,Smartphone,Electronics,4,15999
1962,03-01-2023,Amit Sharma,Mouse,Electronics,1,499
1963,25-08-2023,Rahul Mehta,Pen,Stationery,4,20
1964,18-12-2023,Rahul Mehta,Printer,Electronics,2,8999
1965,11-03-2023,Anjali Sharma,Marker,Stationery,3,35
1966,01-07-2023,Amit Sharma,Notebook,Stationery,3,99
1967,21-07-2023,Karan Singh,Printer,Electronics,2,8999
1968,13-01-2023,Rahul Mehta,Desk,Furniture,1,3499
1969,29-12-2023,Priya Singh,Smartphone,Electronics,3,15999
1970,31-08-2023,Priya Singh,Laptop,Electronics,5,45999
1971,16-09-2023,Amit Sharma,Desk,Furniture,2,3499
1972,12-01-2023,Rohit Gupta,Desk,Furniture,1,3499
1973,25-03-2023,Sneha Jain,Printer,Electronics,2,8999
1974,02-05-2023,Rohit Gupta,Notebook,Stationery,4,99
1975,27-07-2023,Sneha Jain,Laptop,Electronics,3,45999
1976,13-07-2023,Amit Sharma,Notebook,Stationery,5,99
1977,30-03-2023,Sneha Jain,Desk,Furniture,4,3499
1978,26-12-2023,Vikas Patel,Pen,Stationery,1,20
1979,22-12-2023,Rohit Gupta,Printer,Electronics,1,8999
1980,18-07-2023,Vikas Patel,Mouse,Electronics,2,499
1981,25-04-2023,Rahul Mehta,Printer,Electronics,1,8999
1982,20-10-2023,Amit Sharma,Marker,Stationery,4,35
1983,24-02-2023,Karan Singh,Chair,Furniture,2,1999
1984,12-11-2023,Anjali Sharma,Headphones,Electronics,1,1299
1985,27-08-2023,Karan Singh,Pen,Stationery,5,20
1986,18-04-2023,Priya Singh,Mouse,Electronics,5,499
1987,16-09-2023,Amit Sharma,Smartphone,Electronics,5,15999
1988,21-05-2023,Priya Singh,Notebook,Stationery,5,99
1989,13-12-2023,Sneha Jain,Notebook,Stationery,5,99
1990,19-03-2023,Rahul Mehta,Marker,Stationery,1,35
1991,23-09-2023,Rohit Gupta,Printer,Electronics,5,8999
1992,10-05-2023,Sneha Jain,Headphones,Electronics,1,1299
1993,07-12-2023,Rohit Gupta,Notebook,Stationery,5,99
1994,03-12-2023,Rohit Gupta,Pen,Stationery,4,20
1995,28-04-2023,Amit Sharma,Marker,Stationery,2,35
1996,19-01-2023,Priya Singh,Headphones,Electronics,4,1299
1997,10-03-2023,Rohit Gupta,Smartphone,Electronics,3,15999
1998,12-10-2023,Amit Sharma,Printer,Electronics,2,8999
1999,20-09-2023,Rahul Mehta,Marker,Stationery,4,35
2000,14-08-2023,Karan Singh,Headphones,Electronics,2,1299
